{"textures":{"0":"modelengine:entity/voras"},"elements":[{"from":[16.418419,0.6663904,20.716915],"to":[16.418419,15.523534,23.574057],"rotation":{"angle":-45.0,"axis":"y","origin":[16.418419,8.094962,22.145485]},"faces":{"east":{"uv":[3.30875,6.69125,3.00375,8.30875],"rotation":0,"texture":"#0","tintindex":0},"south":{"uv":[0.00375,0.00375,0.00375,1.62125],"rotation":0,"texture":"#0","tintindex":0},"north":{"uv":[0.00375,0.00375,0.00375,1.62125],"rotation":0,"texture":"#0","tintindex":0},"west":{"uv":[3.00375,6.69125,3.30875,8.30875],"rotation":0,"texture":"#0","tintindex":0},"up":{"uv":[0.00375,0.30875,0.00375,0.00375],"rotation":0,"texture":"#0","tintindex":0},"down":{"uv":[0.00375,0.00375,0.00375,0.30875],"rotation":0,"texture":"#0","tintindex":0}}},{"from":[-2.0,0.6663904,3.992475],"to":[17.428572,15.523534,21.135334],"rotation":{"angle":0.0,"axis":"y","origin":[7.714286,8.952105,17.135334]},"faces":{"east":{"uv":[2.12875,3.25375,3.99625,4.87125],"rotation":0,"texture":"#0","tintindex":0},"south":{"uv":[2.12875,1.62875,4.24625,3.24625],"rotation":0,"texture":"#0","tintindex":0},"north":{"uv":[2.12875,0.00375,4.24625,1.62125],"rotation":0,"texture":"#0","tintindex":0},"west":{"uv":[0.00375,3.75375,1.87125,5.37125],"rotation":0,"texture":"#0","tintindex":0},"up":{"uv":[2.12125,1.87125,0.00375,0.00375],"rotation":0,"texture":"#0","tintindex":0},"down":{"uv":[2.12125,1.87875,0.00375,3.74625],"rotation":0,"texture":"#0","tintindex":0}}},{"from":[-0.98984814,0.6663904,20.716915],"to":[-0.98984814,15.523534,23.574057],"rotation":{"angle":45.0,"axis":"y","origin":[-0.98984814,8.094962,22.145485]},"faces":{"east":{"uv":[3.30875,6.69125,3.00375,8.30875],"rotation":0,"texture":"#0","tintindex":0},"south":{"uv":[0.00375,0.00375,0.00375,1.62125],"rotation":0,"texture":"#0","tintindex":0},"north":{"uv":[0.00375,0.00375,0.00375,1.62125],"rotation":0,"texture":"#0","tintindex":0},"west":{"uv":[3.00375,6.69125,3.30875,8.30875],"rotation":0,"texture":"#0","tintindex":0},"up":{"uv":[0.00375,0.30875,0.00375,0.00375],"rotation":0,"texture":"#0","tintindex":0},"down":{"uv":[0.00375,0.00375,0.00375,0.30875],"rotation":0,"texture":"#0","tintindex":0}}},{"from":[-0.98984814,-1.7723341,3.992475],"to":[-0.98984814,1.0848093,21.135334],"rotation":{"angle":45.0,"axis":"z","origin":[-0.98984814,-0.3437624,12.563904]},"faces":{"east":{"uv":[0.75375,7.00375,2.62125,7.30875],"rotation":0,"texture":"#0","tintindex":0},"south":{"uv":[0.00375,0.00375,0.00375,0.30875],"rotation":0,"texture":"#0","tintindex":0},"north":{"uv":[0.00375,0.00375,0.00375,0.30875],"rotation":0,"texture":"#0","tintindex":0},"west":{"uv":[0.75375,7.00375,2.62125,7.30875],"rotation":0,"texture":"#0","tintindex":0},"up":{"uv":[0.00375,1.87125,0.00375,0.00375],"rotation":0,"texture":"#0","tintindex":0},"down":{"uv":[0.00375,0.00375,0.00375,1.87125],"rotation":0,"texture":"#0","tintindex":0}}},{"from":[1.4285712,-2.0141172,24.896513],"to":[14.571428,0.84302616,24.896513],"rotation":{"angle":22.5,"axis":"x","origin":[8.0,-0.58554554,24.896513]},"faces":{"east":{"uv":[0.00375,0.00375,0.00375,0.30875],"rotation":0,"texture":"#0","tintindex":0},"south":{"uv":[7.19125,7.31625,8.62125,7.62125],"rotation":0,"texture":"#0","tintindex":0},"north":{"uv":[8.62125,7.31625,7.19125,7.62125],"rotation":0,"texture":"#0","tintindex":0},"west":{"uv":[0.00375,0.00375,0.00375,0.30875],"rotation":0,"texture":"#0","tintindex":0},"up":{"uv":[1.43375,0.00375,0.00375,0.00375],"rotation":0,"texture":"#0","tintindex":0},"down":{"uv":[1.43375,0.00375,0.00375,0.00375],"rotation":0,"texture":"#0","tintindex":0}}},{"from":[1.4285712,-5.2034807,18.006985],"to":[14.571428,-2.3463383,18.006985],"rotation":{"angle":-45.0,"axis":"x","origin":[8.0,-3.774909,18.006985]},"faces":{"east":{"uv":[0.00375,0.00375,0.00375,0.30875],"rotation":0,"texture":"#0","tintindex":0},"south":{"uv":[7.44125,4.94125,8.87125,5.24625],"rotation":0,"texture":"#0","tintindex":0},"north":{"uv":[7.44125,4.94125,8.87125,5.24625],"rotation":0,"texture":"#0","tintindex":0},"west":{"uv":[0.00375,0.00375,0.00375,0.30875],"rotation":0,"texture":"#0","tintindex":0},"up":{"uv":[1.43375,0.00375,0.00375,0.00375],"rotation":0,"texture":"#0","tintindex":0},"down":{"uv":[1.43375,0.00375,0.00375,0.00375],"rotation":0,"texture":"#0","tintindex":0}}},{"from":[17.428572,0.6663904,10.27819],"to":[17.428572,15.523534,13.135332],"rotation":{"angle":22.5,"axis":"y","origin":[17.428572,8.094962,10.27819]},"faces":{"east":{"uv":[5.81625,7.06625,6.12125,8.68375],"rotation":0,"texture":"#0","tintindex":0},"south":{"uv":[0.00375,0.00375,0.00375,1.62125],"rotation":0,"texture":"#0","tintindex":0},"north":{"uv":[0.00375,0.00375,0.00375,1.62125],"rotation":0,"texture":"#0","tintindex":0},"west":{"uv":[6.12125,7.06625,5.81625,8.68375],"rotation":0,"texture":"#0","tintindex":0},"up":{"uv":[0.00375,0.30875,0.00375,0.00375],"rotation":0,"texture":"#0","tintindex":0},"down":{"uv":[0.00375,0.00375,0.00375,0.30875],"rotation":0,"texture":"#0","tintindex":0}}},{"from":[-2.0,0.6663904,10.27819],"to":[-2.0,15.523534,13.135332],"rotation":{"angle":-22.5,"axis":"y","origin":[-2.0,8.094962,10.27819]},"faces":{"east":{"uv":[5.81625,7.06625,6.12125,8.68375],"rotation":0,"texture":"#0","tintindex":0},"south":{"uv":[0.00375,0.00375,0.00375,1.62125],"rotation":0,"texture":"#0","tintindex":0},"north":{"uv":[0.00375,0.00375,0.00375,1.62125],"rotation":0,"texture":"#0","tintindex":0},"west":{"uv":[6.12125,7.06625,5.81625,8.68375],"rotation":0,"texture":"#0","tintindex":0},"up":{"uv":[0.00375,0.30875,0.00375,0.00375],"rotation":0,"texture":"#0","tintindex":0},"down":{"uv":[0.00375,0.00375,0.00375,0.30875],"rotation":0,"texture":"#0","tintindex":0}}},{"from":[1.4285712,-1.4285717,14.571428],"to":[14.571428,9.428572,23.714287],"rotation":{"angle":-22.5,"axis":"x","origin":[8.0,4.0,19.142857]},"faces":{"east":{"uv":[5.75375,3.69125,6.74625,4.87125],"rotation":0,"texture":"#0","tintindex":0},"south":{"uv":[1.87875,4.87875,3.30875,6.05875],"rotation":0,"texture":"#0","tintindex":0},"north":{"uv":[4.25375,1.69125,5.68375,2.87125],"rotation":0,"texture":"#0","tintindex":0},"west":{"uv":[3.31625,5.94125,4.30875,7.12125],"rotation":0,"texture":"#0","tintindex":0},"up":{"uv":[4.74625,5.93375,3.31625,4.94125],"rotation":0,"texture":"#0","tintindex":0},"down":{"uv":[6.18375,4.94125,4.75375,5.93375],"rotation":0,"texture":"#0","tintindex":0}}},{"from":[16.418419,-1.7723341,3.992475],"to":[16.418419,1.0848093,21.135334],"rotation":{"angle":-45.0,"axis":"z","origin":[16.418419,-0.3437624,12.563904]},"faces":{"east":{"uv":[2.62125,7.00375,0.75375,7.30875],"rotation":0,"texture":"#0","tintindex":0},"south":{"uv":[0.00375,0.00375,0.00375,0.30875],"rotation":0,"texture":"#0","tintindex":0},"north":{"uv":[0.00375,0.00375,0.00375,0.30875],"rotation":0,"texture":"#0","tintindex":0},"west":{"uv":[2.62125,7.00375,0.75375,7.30875],"rotation":0,"texture":"#0","tintindex":0},"up":{"uv":[0.00375,1.87125,0.00375,0.00375],"rotation":0,"texture":"#0","tintindex":0},"down":{"uv":[0.00375,0.00375,0.00375,1.87125],"rotation":0,"texture":"#0","tintindex":0}}}],"display":{"head":{"translation":[0.0,-6.4,0.0],"scale":[4.0,4.0,4.0]}}}