{"textures":{"0":"modelengine:entity/wizpiglin128"},"elements":[{"from":[4.5714283,3.4285712,8.0],"to":[9.142858,8.571428,10.857143],"rotation":{"angle":22.5,"axis":"x","origin":[8.0,8.0,8.0]},"faces":{"east":{"uv":[6.0,0.625,6.625,1.75],"rotation":0,"texture":"#0","tintindex":0},"south":{"uv":[8.25,0.625,9.25,1.75],"rotation":0,"texture":"#0","tintindex":0},"north":{"uv":[6.625,0.625,7.625,1.75],"rotation":0,"texture":"#0","tintindex":0},"west":{"uv":[7.625,0.625,8.25,1.75],"rotation":0,"texture":"#0","tintindex":0},"up":{"uv":[7.625,0.625,6.625,0.0],"rotation":0,"texture":"#0","tintindex":0},"down":{"uv":[8.625,0.0,7.625,0.625],"rotation":0,"texture":"#0","tintindex":0}}},{"from":[4.0,12.577408,6.2869034],"to":[9.714286,14.291693,11.429761],"rotation":{"angle":0.0,"axis":"y","origin":[8.0,-5.13688,6.2869034]},"faces":{"east":{"uv":[4.75,5.875,5.875,6.25],"rotation":0,"texture":"#0","tintindex":0},"south":{"uv":[8.25,5.875,9.5,6.25],"rotation":0,"texture":"#0","tintindex":0},"north":{"uv":[5.875,5.875,7.125,6.25],"rotation":0,"texture":"#0","tintindex":0},"west":{"uv":[7.125,5.875,8.25,6.25],"rotation":0,"texture":"#0","tintindex":0},"up":{"uv":[7.125,5.875,5.875,4.75],"rotation":0,"texture":"#0","tintindex":0},"down":{"uv":[8.375,4.75,7.125,5.875],"rotation":0,"texture":"#0","tintindex":0}}},{"from":[2.8571424,-0.56545067,5.715475],"to":[2.8571424,12.577408,11.429761],"rotation":{"angle":0.0,"axis":"y","origin":[8.0,12.005979,6.2869034]},"faces":{"east":{"uv":[4.25,1.25,3.0,4.125],"rotation":0,"texture":"#0","tintindex":0},"south":{"uv":[12.25,2.0,14.0,4.875],"rotation":0,"texture":"#0","tintindex":0},"north":{"uv":[12.25,1.75,14.0,4.625],"rotation":0,"texture":"#0","tintindex":0},"west":{"uv":[3.0,1.25,4.25,4.125],"rotation":0,"texture":"#0","tintindex":0},"up":{"uv":[15.125,1.5,13.375,0.25],"rotation":0,"texture":"#0","tintindex":0},"down":{"uv":[15.125,1.875,13.375,3.125],"rotation":0,"texture":"#0","tintindex":0}}},{"from":[2.8571424,-0.56545067,5.715475],"to":[10.857143,12.577408,5.715475],"rotation":{"angle":0.0,"axis":"y","origin":[8.0,12.005979,6.2869034]},"faces":{"east":{"uv":[2.125,10.5,3.375,13.375],"rotation":0,"texture":"#0","tintindex":0},"south":{"uv":[3.0,1.25,1.25,4.125],"rotation":0,"texture":"#0","tintindex":0},"north":{"uv":[1.25,1.25,3.0,4.125],"rotation":0,"texture":"#0","tintindex":0},"west":{"uv":[2.75,10.0,4.0,12.875],"rotation":0,"texture":"#0","tintindex":0},"up":{"uv":[3.5,12.25,1.75,11.0],"rotation":0,"texture":"#0","tintindex":0},"down":{"uv":[3.25,9.875,1.5,11.125],"rotation":0,"texture":"#0","tintindex":0}}},{"from":[4.5714283,12.577408,6.8583317],"to":[9.142858,16.577408,10.858332],"rotation":{"angle":0.0,"axis":"y","origin":[8.0,16.00598,6.8583317]},"faces":{"east":{"uv":[0.0,6.875,0.875,7.75],"rotation":0,"texture":"#0","tintindex":0},"south":{"uv":[2.75,6.875,3.75,7.75],"rotation":0,"texture":"#0","tintindex":0},"north":{"uv":[0.875,6.875,1.875,7.75],"rotation":0,"texture":"#0","tintindex":0},"west":{"uv":[1.875,6.875,2.75,7.75],"rotation":0,"texture":"#0","tintindex":0},"up":{"uv":[1.875,6.875,0.875,6.0],"rotation":0,"texture":"#0","tintindex":0},"down":{"uv":[2.875,6.0,1.875,6.875],"rotation":0,"texture":"#0","tintindex":0}}},{"from":[10.857143,-0.56545067,5.715475],"to":[10.857143,12.577408,11.429761],"rotation":{"angle":0.0,"axis":"y","origin":[8.0,12.005979,6.2869034]},"faces":{"east":{"uv":[0.0,1.25,1.25,4.125],"rotation":0,"texture":"#0","tintindex":0},"south":{"uv":[2.5,11.5,4.25,14.375],"rotation":0,"texture":"#0","tintindex":0},"north":{"uv":[1.5,9.125,3.25,12.0],"rotation":0,"texture":"#0","tintindex":0},"west":{"uv":[1.25,1.25,0.0,4.125],"rotation":0,"texture":"#0","tintindex":0},"up":{"uv":[2.25,13.5,0.5,12.25],"rotation":0,"texture":"#0","tintindex":0},"down":{"uv":[3.625,12.625,1.875,13.875],"rotation":0,"texture":"#0","tintindex":0}}},{"from":[2.8571424,12.577408,5.715475],"to":[10.857143,12.577408,11.429761],"rotation":{"angle":0.0,"axis":"y","origin":[8.0,12.005979,6.2869034]},"faces":{"east":{"uv":[3.375,11.25,4.625,14.125],"rotation":0,"texture":"#0","tintindex":0},"south":{"uv":[3.375,9.75,5.125,12.625],"rotation":0,"texture":"#0","tintindex":0},"north":{"uv":[1.25,10.0,3.0,12.875],"rotation":0,"texture":"#0","tintindex":0},"west":{"uv":[3.0,10.25,4.25,13.125],"rotation":0,"texture":"#0","tintindex":0},"up":{"uv":[4.75,1.25,3.0,0.0],"rotation":0,"texture":"#0","tintindex":0},"down":{"uv":[4.75,0.0,3.0,1.25],"rotation":0,"texture":"#0","tintindex":0}}},{"from":[2.8571424,-0.56545067,11.429761],"to":[10.857143,12.577408,11.429761],"rotation":{"angle":0.0,"axis":"y","origin":[8.0,12.005979,12.001189]},"faces":{"east":{"uv":[8.375,8.5,8.375,11.375],"rotation":0,"texture":"#0","tintindex":0},"south":{"uv":[4.25,1.25,6.0,4.125],"rotation":0,"texture":"#0","tintindex":0},"north":{"uv":[6.0,1.25,4.25,4.125],"rotation":0,"texture":"#0","tintindex":0},"west":{"uv":[10.125,8.5,10.125,11.375],"rotation":0,"texture":"#0","tintindex":0},"up":{"uv":[10.125,8.5,8.375,8.5],"rotation":0,"texture":"#0","tintindex":0},"down":{"uv":[11.875,8.5,10.125,8.5],"rotation":0,"texture":"#0","tintindex":0}}},{"from":[3.4285712,7.43455,6.8583317],"to":[10.285714,12.005979,10.858332],"rotation":{"angle":0.0,"axis":"y","origin":[8.0,10.863121,8.001189]},"faces":{"east":{"uv":[0.0,5.0,0.875,6.0],"rotation":0,"texture":"#0","tintindex":0},"south":{"uv":[3.25,5.0,4.75,6.0],"rotation":0,"texture":"#0","tintindex":0},"north":{"uv":[0.875,5.0,2.375,6.0],"rotation":0,"texture":"#0","tintindex":0},"west":{"uv":[2.375,5.0,3.25,6.0],"rotation":0,"texture":"#0","tintindex":0},"up":{"uv":[2.375,5.0,0.875,4.125],"rotation":0,"texture":"#0","tintindex":0},"down":{"uv":[3.875,4.125,2.375,5.0],"rotation":0,"texture":"#0","tintindex":0}}}],"display":{"head":{"translation":[0.0,-6.4,0.0],"scale":[4.0,4.0,4.0]}}}