{"textures":{"0":"modelengine:entity/wizpiglin128"},"elements":[{"from":[7.3142858,2.3548293,6.1997976],"to":[9.028571,5.211972,7.9140835],"rotation":{"angle":-22.5,"axis":"x","origin":[8.171429,2.926258,7.0569406]},"faces":{"east":{"uv":[7.5,3.75,7.875,4.375],"rotation":0,"texture":"#0","tintindex":0},"south":{"uv":[8.625,3.75,9.0,4.375],"rotation":0,"texture":"#0","tintindex":0},"north":{"uv":[7.875,3.75,8.25,4.375],"rotation":0,"texture":"#0","tintindex":0},"west":{"uv":[8.25,3.75,8.625,4.375],"rotation":0,"texture":"#0","tintindex":0},"up":{"uv":[8.25,3.75,7.875,3.375],"rotation":0,"texture":"#0","tintindex":0},"down":{"uv":[8.625,3.375,8.25,3.75],"rotation":0,"texture":"#0","tintindex":0}}},{"from":[7.3142858,-1.8438826,6.3436656],"to":[8.457143,-1.2724533,7.4865227],"rotation":{"angle":0.0,"axis":"y","origin":[8.171429,2.7275467,7.2008085]},"faces":{"east":{"uv":[4.75,1.125,5.0,1.25],"rotation":0,"texture":"#0","tintindex":0},"south":{"uv":[5.5,1.125,5.75,1.25],"rotation":0,"texture":"#0","tintindex":0},"north":{"uv":[5.0,1.125,5.25,1.25],"rotation":0,"texture":"#0","tintindex":0},"west":{"uv":[5.25,1.125,5.5,1.25],"rotation":0,"texture":"#0","tintindex":0},"up":{"uv":[5.25,1.125,5.0,0.875],"rotation":0,"texture":"#0","tintindex":0},"down":{"uv":[5.5,0.875,5.25,1.125],"rotation":0,"texture":"#0","tintindex":0}}},{"from":[7.3142858,4.2079644,6.1997976],"to":[9.028571,8.779393,7.9140835],"rotation":{"angle":22.5,"axis":"x","origin":[8.171429,6.4936786,7.0569406]},"faces":{"east":{"uv":[5.25,6.625,5.625,7.625],"rotation":0,"texture":"#0","tintindex":0},"south":{"uv":[6.375,6.625,6.75,7.625],"rotation":0,"texture":"#0","tintindex":0},"north":{"uv":[5.625,6.625,6.0,7.625],"rotation":0,"texture":"#0","tintindex":0},"west":{"uv":[6.0,6.625,6.375,7.625],"rotation":0,"texture":"#0","tintindex":0},"up":{"uv":[6.0,6.625,5.625,6.25],"rotation":0,"texture":"#0","tintindex":0},"down":{"uv":[6.375,6.25,6.0,6.625],"rotation":0,"texture":"#0","tintindex":0}}},{"from":[7.3142858,-1.6451702,5.6283693],"to":[8.457143,-0.5023136,7.342655],"rotation":{"angle":-22.5,"axis":"x","origin":[8.171429,2.926258,7.0569406]},"faces":{"east":{"uv":[0.0,0.375,0.375,0.625],"rotation":0,"texture":"#0","tintindex":0},"south":{"uv":[1.0,0.375,1.25,0.625],"rotation":0,"texture":"#0","tintindex":0},"north":{"uv":[0.375,0.375,0.625,0.625],"rotation":0,"texture":"#0","tintindex":0},"west":{"uv":[0.625,0.375,1.0,0.625],"rotation":0,"texture":"#0","tintindex":0},"up":{"uv":[0.625,0.375,0.375,0.0],"rotation":0,"texture":"#0","tintindex":0},"down":{"uv":[0.875,0.0,0.625,0.375],"rotation":0,"texture":"#0","tintindex":0}}},{"from":[7.3142858,-0.5023136,6.1997976],"to":[8.457143,2.3548293,7.342655],"rotation":{"angle":-22.5,"axis":"x","origin":[8.171429,2.926258,7.0569406]},"faces":{"east":{"uv":[4.75,0.25,5.0,0.875],"rotation":0,"texture":"#0","tintindex":0},"south":{"uv":[5.5,0.25,5.75,0.875],"rotation":0,"texture":"#0","tintindex":0},"north":{"uv":[5.0,0.25,5.25,0.875],"rotation":0,"texture":"#0","tintindex":0},"west":{"uv":[5.25,0.25,5.5,0.875],"rotation":0,"texture":"#0","tintindex":0},"up":{"uv":[5.25,0.25,5.0,0.0],"rotation":0,"texture":"#0","tintindex":0},"down":{"uv":[5.5,0.0,5.25,0.25],"rotation":0,"texture":"#0","tintindex":0}}}],"display":{"head":{"translation":[0.0,-6.4,0.0],"scale":[4.0,4.0,4.0]}}}