{"textures":{"0":"modelengine:entity/lr_anubis"},"elements":[{"from":[8.142858,7.142857,8.0],"to":[9.285714,8.857143,11.428572],"rotation":{"angle":0.0,"axis":"y","origin":[12.0,9.142858,5.142857]},"faces":{"east":{"uv":[12.3125,12.125,12.6875,12.5625],"rotation":0,"texture":"#0","tintindex":0},"south":{"uv":[12.3125,12.125,12.6875,12.5625],"rotation":0,"texture":"#0","tintindex":0},"north":{"uv":[12.3125,12.125,12.6875,12.5625],"rotation":0,"texture":"#0","tintindex":0},"west":{"uv":[12.3125,12.125,12.6875,12.5625],"rotation":0,"texture":"#0","tintindex":0},"up":{"uv":[12.3125,12.125,12.6875,12.5625],"rotation":0,"texture":"#0","tintindex":0},"down":{"uv":[12.3125,12.125,12.6875,12.5625],"rotation":0,"texture":"#0","tintindex":0}}}],"display":{"head":{"translation":[0.0,-6.4,0.0],"scale":[4.0,4.0,4.0]}}}