{"textures":{"0":"modelengine:entity/lr_anubis"},"elements":[{"from":[8.285714,7.428571,8.0],"to":[8.857143,8.571428,11.428572],"rotation":{"angle":0.0,"axis":"y","origin":[12.0,9.142858,5.142857]},"faces":{"east":{"uv":[11.75,11.9375,11.375,12.375],"rotation":0,"texture":"#0","tintindex":0},"south":{"uv":[11.75,11.9375,11.375,12.375],"rotation":0,"texture":"#0","tintindex":0},"north":{"uv":[11.75,11.9375,11.375,12.375],"rotation":0,"texture":"#0","tintindex":0},"west":{"uv":[11.75,11.9375,11.375,12.375],"rotation":0,"texture":"#0","tintindex":0},"up":{"uv":[11.75,11.9375,11.375,12.375],"rotation":0,"texture":"#0","tintindex":0},"down":{"uv":[11.75,11.9375,11.375,12.375],"rotation":0,"texture":"#0","tintindex":0}}}],"display":{"head":{"translation":[0.0,-6.4,0.0],"scale":[4.0,4.0,4.0]}}}