{"textures":{"0":"modelengine:entity/lr_anubis"},"elements":[{"from":[5.428571,1.9999995,7.714286],"to":[9.428572,8.285714,11.714286],"rotation":{"angle":0.0,"axis":"y","origin":[8.0,8.0,8.571428]},"faces":{"east":{"uv":[11.75,11.0625,12.1875,11.75],"rotation":0,"texture":"#0","tintindex":0},"south":{"uv":[11.75,11.0625,12.1875,11.75],"rotation":0,"texture":"#0","tintindex":0},"north":{"uv":[11.75,11.0625,12.1875,11.75],"rotation":0,"texture":"#0","tintindex":0},"west":{"uv":[11.75,11.0625,12.1875,11.75],"rotation":0,"texture":"#0","tintindex":0},"up":{"uv":[11.75,11.0625,12.1875,11.75],"rotation":0,"texture":"#0","tintindex":0},"down":{"uv":[11.75,11.0625,12.1875,11.75],"rotation":0,"texture":"#0","tintindex":0}}},{"from":[6.0,-2.0,7.714286],"to":[8.857143,1.9999995,11.142858],"rotation":{"angle":0.0,"axis":"y","origin":[8.0,8.0,8.571428]},"faces":{"east":{"uv":[11.3125,11.125,11.625,11.5625],"rotation":0,"texture":"#0","tintindex":0},"south":{"uv":[11.3125,11.125,11.625,11.5625],"rotation":0,"texture":"#0","tintindex":0},"north":{"uv":[11.3125,11.125,11.625,11.5625],"rotation":0,"texture":"#0","tintindex":0},"west":{"uv":[11.3125,11.125,11.625,11.5625],"rotation":0,"texture":"#0","tintindex":0},"up":{"uv":[11.3125,11.125,11.625,11.5625],"rotation":0,"texture":"#0","tintindex":0},"down":{"uv":[11.3125,11.125,11.625,11.5625],"rotation":0,"texture":"#0","tintindex":0}}}],"display":{"head":{"translation":[0.0,-6.4,0.0],"scale":[4.0,4.0,4.0]}}}