{"textures":{"0":"modelengine:entity/lr_anubis"},"elements":[{"from":[8.0,4.5714283,5.977143],"to":[10.285714,8.0,9.977143],"rotation":{"angle":0.0,"axis":"y","origin":[18.0,25.428572,7.457143]},"faces":{"east":{"uv":[11.9375,11.5625,12.75,12.125],"rotation":0,"texture":"#0","tintindex":0},"south":{"uv":[11.9375,11.5625,12.75,12.125],"rotation":0,"texture":"#0","tintindex":0},"north":{"uv":[11.9375,11.5625,12.75,12.125],"rotation":0,"texture":"#0","tintindex":0},"west":{"uv":[11.9375,11.5625,12.75,12.125],"rotation":0,"texture":"#0","tintindex":0},"up":{"uv":[11.9375,11.5625,12.75,12.125],"rotation":0,"texture":"#0","tintindex":0},"down":{"uv":[11.9375,11.5625,12.75,12.125],"rotation":0,"texture":"#0","tintindex":0}}},{"from":[10.28529,5.140459,5.9200516],"to":[11.428147,6.854745,8.205767],"rotation":{"angle":0.0,"axis":"y","origin":[18.0,25.428572,7.457143]},"faces":{"east":{"uv":[8.125,5.8125,8.375,6.0],"rotation":0,"texture":"#0","tintindex":0},"south":{"uv":[1.75,8.1875,1.875,8.375],"rotation":0,"texture":"#0","tintindex":0},"north":{"uv":[1.625,8.1875,1.75,8.375],"rotation":0,"texture":"#0","tintindex":0},"west":{"uv":[8.125,6.625,8.375,6.8125],"rotation":0,"texture":"#0","tintindex":0},"up":{"uv":[1.6875,5.6875,1.5625,5.4375],"rotation":0,"texture":"#0","tintindex":0},"down":{"uv":[6.8125,6.3125,6.6875,6.5625],"rotation":0,"texture":"#0","tintindex":0}}},{"from":[8.569034,2.853559,5.977143],"to":[11.997605,5.139273,9.977143],"rotation":{"angle":22.5,"axis":"z","origin":[9.711891,3.4249878,8.028571]},"faces":{"east":{"uv":[11.6875,11.375,12.5625,12.25],"rotation":0,"texture":"#0","tintindex":0},"south":{"uv":[11.6875,11.375,12.5625,12.25],"rotation":0,"texture":"#0","tintindex":0},"north":{"uv":[11.6875,11.375,12.5625,12.25],"rotation":0,"texture":"#0","tintindex":0},"west":{"uv":[11.6875,11.375,12.5625,12.25],"rotation":0,"texture":"#0","tintindex":0},"up":{"uv":[11.6875,11.375,12.5625,12.25],"rotation":0,"texture":"#0","tintindex":0},"down":{"uv":[11.6875,11.375,12.5625,12.25],"rotation":0,"texture":"#0","tintindex":0}}}],"display":{"head":{"translation":[0.0,-6.4,0.0],"scale":[4.0,4.0,4.0]}}}