{"textures":{"0":"modelengine:entity/lr_anubis"},"elements":[{"from":[6.0,3.4285712,3.4285712],"to":[10.0,8.0,8.0],"rotation":{"angle":0.0,"axis":"y","origin":[16.0,15.714286,4.8571424]},"faces":{"east":{"uv":[11.25,11.375,12.5625,12.75],"rotation":0,"texture":"#0","tintindex":0},"south":{"uv":[11.25,11.375,12.5625,12.75],"rotation":0,"texture":"#0","tintindex":0},"north":{"uv":[11.25,11.375,12.5625,12.75],"rotation":0,"texture":"#0","tintindex":0},"west":{"uv":[11.25,11.375,12.5625,12.75],"rotation":0,"texture":"#0","tintindex":0},"up":{"uv":[11.25,11.375,12.5625,12.75],"rotation":0,"texture":"#0","tintindex":0},"down":{"uv":[11.25,11.375,12.5625,12.75],"rotation":0,"texture":"#0","tintindex":0}}},{"from":[6.0,1.1428566,3.4285712],"to":[8.857143,3.4285712,7.428571],"rotation":{"angle":0.0,"axis":"y","origin":[16.0,15.714286,4.8571424]},"faces":{"east":{"uv":[12.5625,12.6875,13.0,12.3125],"rotation":0,"texture":"#0","tintindex":0},"south":{"uv":[12.5625,12.6875,13.0,12.3125],"rotation":0,"texture":"#0","tintindex":0},"north":{"uv":[12.5625,12.6875,13.0,12.3125],"rotation":0,"texture":"#0","tintindex":0},"west":{"uv":[12.5625,12.6875,13.0,12.3125],"rotation":0,"texture":"#0","tintindex":0},"up":{"uv":[12.5625,12.6875,13.0,12.3125],"rotation":0,"texture":"#0","tintindex":0},"down":{"uv":[12.5625,12.6875,13.0,12.3125],"rotation":0,"texture":"#0","tintindex":0}}}],"display":{"head":{"translation":[0.0,-6.4,0.0],"scale":[4.0,4.0,4.0]}}}