{"textures":{"0":"modelengine:entity/lr_anubis"},"elements":[{"from":[6.5714283,6.285714,4.285714],"to":[9.428572,8.0,10.0],"rotation":{"angle":0.0,"axis":"y","origin":[8.571428,18.0,7.428571]},"faces":{"east":{"uv":[13.125,12.1875,12.8125,11.5625],"rotation":0,"texture":"#0","tintindex":0},"south":{"uv":[13.125,12.1875,12.8125,11.5625],"rotation":0,"texture":"#0","tintindex":0},"north":{"uv":[13.125,12.1875,12.8125,11.5625],"rotation":0,"texture":"#0","tintindex":0},"west":{"uv":[13.125,12.1875,12.8125,11.5625],"rotation":0,"texture":"#0","tintindex":0},"up":{"uv":[13.125,12.1875,12.8125,11.5625],"rotation":0,"texture":"#0","tintindex":0},"down":{"uv":[13.125,12.1875,12.8125,11.5625],"rotation":0,"texture":"#0","tintindex":0}}}],"display":{"head":{"translation":[0.0,-6.4,0.0],"scale":[4.0,4.0,4.0]}}}