{"textures":{"0":"modelengine:entity/lr_anubis"},"elements":[{"from":[4.5714283,-0.2857151,4.8571424],"to":[9.142858,10.0,10.571428],"rotation":{"angle":0.0,"axis":"y","origin":[8.857143,6.857143,7.714286]},"faces":{"east":{"uv":[11.375,10.8125,11.875,11.9375],"rotation":0,"texture":"#0","tintindex":0},"south":{"uv":[11.375,10.8125,11.875,11.9375],"rotation":0,"texture":"#0","tintindex":0},"north":{"uv":[11.375,10.8125,11.875,11.9375],"rotation":0,"texture":"#0","tintindex":0},"west":{"uv":[11.375,10.8125,11.875,11.9375],"rotation":0,"texture":"#0","tintindex":0},"up":{"uv":[11.375,10.8125,11.875,11.9375],"rotation":0,"texture":"#0","tintindex":0},"down":{"uv":[11.375,10.8125,11.875,11.9375],"rotation":0,"texture":"#0","tintindex":0}}},{"from":[5.142857,-2.487424,5.2950897],"to":[8.571428,0.3697195,8.152233],"rotation":{"angle":-22.5,"axis":"x","origin":[7.428571,-1.0588522,6.7236614]},"faces":{"east":{"uv":[11.75,11.3125,12.125,11.625],"rotation":0,"texture":"#0","tintindex":0},"south":{"uv":[11.75,11.3125,12.125,11.625],"rotation":0,"texture":"#0","tintindex":0},"north":{"uv":[11.75,11.3125,12.125,11.625],"rotation":0,"texture":"#0","tintindex":0},"west":{"uv":[11.75,11.3125,12.125,11.625],"rotation":0,"texture":"#0","tintindex":0},"up":{"uv":[11.75,11.3125,12.125,11.625],"rotation":0,"texture":"#0","tintindex":0},"down":{"uv":[11.75,11.3125,12.125,11.625],"rotation":0,"texture":"#0","tintindex":0}}}],"display":{"head":{"translation":[0.0,-6.4,0.0],"scale":[4.0,4.0,4.0]}}}