{"textures":{"0":"modelengine:entity/lr_anubis"},"elements":[{"from":[6.0,3.4285712,3.4285712],"to":[10.0,8.0,8.0],"rotation":{"angle":0.0,"axis":"y","origin":[0.0,15.714286,4.8571424]},"faces":{"east":{"uv":[6.5,2.375,6.0,2.875],"rotation":0,"texture":"#0","tintindex":0},"south":{"uv":[5.4375,6.3125,5.0,6.8125],"rotation":0,"texture":"#0","tintindex":0},"north":{"uv":[6.75,3.3125,6.3125,3.8125],"rotation":0,"texture":"#0","tintindex":0},"west":{"uv":[5.5,4.5625,5.0,5.0625],"rotation":0,"texture":"#0","tintindex":0},"up":{"uv":[1.375,6.875,1.8125,6.375],"rotation":0,"texture":"#0","tintindex":0},"down":{"uv":[6.375,5.1875,6.8125,5.6875],"rotation":0,"texture":"#0","tintindex":0}}},{"from":[7.142857,1.1428566,3.4285712],"to":[10.0,3.4285712,7.428571],"rotation":{"angle":0.0,"axis":"y","origin":[0.0,15.714286,4.8571424]},"faces":{"east":{"uv":[12.6875,10.9375,12.0625,11.375],"rotation":0,"texture":"#0","tintindex":0},"south":{"uv":[12.6875,10.9375,12.0625,11.375],"rotation":0,"texture":"#0","tintindex":0},"north":{"uv":[12.6875,10.9375,12.0625,11.375],"rotation":0,"texture":"#0","tintindex":0},"west":{"uv":[12.6875,10.9375,12.0625,11.375],"rotation":0,"texture":"#0","tintindex":0},"up":{"uv":[12.6875,10.9375,12.0625,11.375],"rotation":0,"texture":"#0","tintindex":0},"down":{"uv":[12.6875,10.9375,12.0625,11.375],"rotation":0,"texture":"#0","tintindex":0}}}],"display":{"head":{"translation":[0.0,-6.4,0.0],"scale":[4.0,4.0,4.0]}}}